timestamp,paciente_id,paciente_nome,paciente_cpf,hr,spo2,pressao_sys,pressao_dia,temp,resp_freq,status
20:31:32.85,PAC002,Maria Santos,987.654.321-00,71.0,98.5,126.0,91.0,36.6,13.991890806315979,NORMAL
20:31:33.05,PAC002,Maria Santos,987.654.321-00,72.0,95.3,124.0,74.0,36.8,14.90091945080893,NORMAL
20:31:33.25,PAC002,Maria Santos,987.654.321-00,72.0,97.0,139.0,76.0,37.0,17.628303524236532,NORMAL
20:31:33.45,PAC002,Maria Santos,987.654.321-00,73.0,98.6,128.0,68.0,36.4,17.690315942368642,NORMAL
20:31:33.65,PAC002,Maria Santos,987.654.321-00,72.0,95.9,125.0,87.0,36.9,15.875991981267937,NORMAL
20:31:33.85,PAC002,Maria Santos,987.654.321-00,75.0,97.5,111.0,73.0,37.0,15.452013836341392,NORMAL
20:31:34.05,PAC002,Maria Santos,987.654.321-00,71.0,97.6,140.0,86.0,37.2,15.681909579199898,NORMAL
20:31:34.25,PAC002,Maria Santos,987.654.321-00,73.0,95.7,137.0,72.0,36.6,13.805394944734312,NORMAL
20:31:34.45,PAC002,Maria Santos,987.654.321-00,70.0,96.7,120.0,75.0,36.3,17.666667823560616,NORMAL
20:31:34.65,PAC002,Maria Santos,987.654.321-00,69.0,98.3,135.0,75.0,36.3,15.538950749639499,NORMAL
20:31:34.85,PAC002,Maria Santos,987.654.321-00,76.0,98.3,121.0,80.0,36.2,17.362719020885898,NORMAL
20:31:35.05,PAC002,Maria Santos,987.654.321-00,73.0,97.5,118.0,74.0,36.7,18.457961004978124,NORMAL
20:31:35.25,PAC002,Maria Santos,987.654.321-00,70.0,98.7,108.0,75.0,36.5,14.180633166036333,NORMAL
20:31:35.45,PAC002,Maria Santos,987.654.321-00,69.0,97.0,127.0,77.0,35.8,11.758599694729867,NORMAL
20:31:35.65,PAC002,Maria Santos,987.654.321-00,70.0,98.7,103.0,76.0,36.3,18.776675556416897,NORMAL
20:31:35.85,PAC002,Maria Santos,987.654.321-00,71.0,98.6,126.0,67.0,36.7,16.430793010912577,NORMAL
20:31:36.05,PAC002,Maria Santos,987.654.321-00,74.0,100.0,108.0,87.0,36.4,16.57465780880602,NORMAL
20:31:36.25,PAC002,Maria Santos,987.654.321-00,72.0,97.4,120.0,80.0,36.0,17.50115833504353,NORMAL
20:31:36.45,PAC002,Maria Santos,987.654.321-00,71.0,96.3,121.0,84.0,36.3,16.71690723641924,NORMAL
20:31:36.65,PAC002,Maria Santos,987.654.321-00,70.0,99.1,130.0,87.0,36.4,17.337309609515813,NORMAL
20:31:36.85,PAC002,Maria Santos,987.654.321-00,72.0,99.9,119.0,82.0,36.4,15.871623645783005,NORMAL
20:31:37.05,PAC002,Maria Santos,987.654.321-00,72.0,98.4,124.0,79.0,37.0,17.970899371230438,NORMAL
20:31:37.25,PAC002,Maria Santos,987.654.321-00,75.0,97.3,118.0,83.0,36.8,18.945341351501963,NORMAL
20:31:37.45,PAC002,Maria Santos,987.654.321-00,70.0,97.7,112.0,76.0,36.8,15.067009241543603,NORMAL
20:31:37.65,PAC002,Maria Santos,987.654.321-00,74.0,97.7,128.0,72.0,36.5,10.017728058198553,NORMAL
20:31:37.85,PAC002,Maria Santos,987.654.321-00,71.0,95.6,135.0,82.0,36.6,19.04201245431876,NORMAL
20:31:38.05,PAC002,Maria Santos,987.654.321-00,69.0,100.0,132.0,77.0,36.8,13.787412975176732,NORMAL
20:31:38.25,PAC002,Maria Santos,987.654.321-00,70.0,97.1,121.0,73.0,36.9,15.482291199260336,NORMAL
20:31:38.45,PAC002,Maria Santos,987.654.321-00,73.0,97.1,110.0,79.0,35.9,15.862731907829064,NORMAL
20:31:38.65,PAC002,Maria Santos,987.654.321-00,68.0,100.0,132.0,79.0,36.9,14.307368045068529,NORMAL
20:31:38.85,PAC002,Maria Santos,987.654.321-00,74.0,98.3,127.0,84.0,36.7,16.577447325650045,NORMAL
20:31:39.05,PAC002,Maria Santos,987.654.321-00,67.0,96.6,124.0,78.0,36.2,20.823353351156843,NORMAL
20:31:39.25,PAC002,Maria Santos,987.654.321-00,77.0,98.9,126.0,77.0,36.2,16.154961037037726,NORMAL
20:31:39.45,PAC002,Maria Santos,987.654.321-00,73.0,96.1,128.0,77.0,35.9,14.279229978440997,NORMAL
20:31:39.65,PAC002,Maria Santos,987.654.321-00,71.0,100.0,129.0,71.0,36.6,12.90539202212327,NORMAL
20:31:39.85,PAC002,Maria Santos,987.654.321-00,75.0,97.3,124.0,85.0,36.1,13.205763629774017,NORMAL
20:31:40.05,PAC002,Maria Santos,987.654.321-00,70.0,99.6,113.0,64.0,36.4,17.10348159982184,NORMAL
20:31:40.25,PAC002,Maria Santos,987.654.321-00,76.0,97.3,122.0,84.0,35.9,15.222958449633982,NORMAL
20:31:40.45,PAC002,Maria Santos,987.654.321-00,73.0,98.7,121.0,78.0,35.8,14.683503175332303,NORMAL
20:31:40.65,PAC002,Maria Santos,987.654.321-00,73.0,96.5,125.0,80.0,36.4,16.340927541993143,NORMAL
20:31:40.85,PAC002,Maria Santos,987.654.321-00,69.0,97.7,130.0,79.0,36.3,16.448432808581586,NORMAL
20:31:41.05,PAC002,Maria Santos,987.654.321-00,74.0,94.9,134.0,76.0,36.6,18.394493847290455,NORMAL
20:31:41.25,PAC002,Maria Santos,987.654.321-00,68.0,96.9,123.0,74.0,37.0,14.286455812346414,NORMAL
20:31:41.45,PAC002,Maria Santos,987.654.321-00,70.0,98.3,115.0,76.0,36.6,15.334279191234977,NORMAL
20:31:41.65,PAC002,Maria Santos,987.654.321-00,72.0,97.2,113.0,80.0,37.0,16.036803261566877,NORMAL
20:31:41.85,PAC002,Maria Santos,987.654.321-00,73.0,99.0,115.0,87.0,36.6,19.263713798178216,NORMAL
20:31:42.05,PAC002,Maria Santos,987.654.321-00,70.0,100.0,131.0,81.0,36.6,15.5029427638511,NORMAL
20:31:42.25,PAC002,Maria Santos,987.654.321-00,76.0,98.2,109.0,72.0,36.4,16.61999796633111,NORMAL
20:31:42.45,PAC002,Maria Santos,987.654.321-00,72.0,99.8,109.0,79.0,36.0,17.519424590968338,NORMAL
20:31:42.65,PAC002,Maria Santos,987.654.321-00,72.0,98.6,118.0,84.0,36.8,17.167088606023775,NORMAL
20:31:42.85,PAC002,Maria Santos,987.654.321-00,72.0,98.9,119.0,82.0,37.0,18.141221119958374,NORMAL
20:31:43.05,PAC002,Maria Santos,987.654.321-00,70.0,98.5,115.0,81.0,36.6,12.260367320935671,NORMAL
20:31:43.25,PAC002,Maria Santos,987.654.321-00,69.0,97.6,123.0,72.0,36.6,16.502947217881022,NORMAL
20:31:43.45,PAC002,Maria Santos,987.654.321-00,71.0,96.9,133.0,86.0,36.4,14.775666165690359,NORMAL
20:31:43.65,PAC002,Maria Santos,987.654.321-00,73.0,97.5,124.0,82.0,35.9,18.63660464970534,NORMAL
20:31:43.85,PAC002,Maria Santos,987.654.321-00,72.0,97.4,124.0,78.0,36.0,18.989876454906472,NORMAL
20:31:44.05,PAC002,Maria Santos,987.654.321-00,72.0,98.7,133.0,73.0,36.6,15.464717818202413,NORMAL
20:31:44.25,PAC002,Maria Santos,987.654.321-00,75.0,94.8,124.0,75.0,36.6,16.940088374736405,NORMAL
20:31:44.45,PAC002,Maria Santos,987.654.321-00,70.0,96.9,124.0,74.0,36.8,15.261585599105107,NORMAL
20:31:44.65,PAC002,Maria Santos,987.654.321-00,63.0,97.4,117.0,70.0,36.1,16.21881694366594,NORMAL
20:31:44.85,PAC002,Maria Santos,987.654.321-00,76.0,98.5,120.0,80.0,36.4,14.61079926167371,NORMAL
20:31:45.05,PAC002,Maria Santos,987.654.321-00,69.0,95.4,122.0,79.0,36.5,15.168066144105282,NORMAL
20:31:45.25,PAC002,Maria Santos,987.654.321-00,69.0,98.9,114.0,82.0,36.2,14.49512952529393,NORMAL
20:31:45.45,PAC002,Maria Santos,987.654.321-00,68.0,97.2,133.0,81.0,36.8,17.04428509186787,NORMAL
20:31:45.65,PAC002,Maria Santos,987.654.321-00,69.0,97.5,119.0,85.0,36.1,17.78739537877822,NORMAL
20:31:45.85,PAC002,Maria Santos,987.654.321-00,75.0,100.0,122.0,82.0,37.2,14.764716646132607,NORMAL
20:31:46.05,PAC002,Maria Santos,987.654.321-00,67.0,95.2,131.0,69.0,36.4,16.87462637407792,NORMAL
20:31:46.25,PAC002,Maria Santos,987.654.321-00,73.0,98.6,127.0,84.0,36.2,14.646009723082937,NORMAL
20:31:46.45,PAC002,Maria Santos,987.654.321-00,70.0,99.2,132.0,80.0,36.9,13.643918265247239,NORMAL
20:31:46.65,PAC002,Maria Santos,987.654.321-00,77.0,100.0,131.0,87.0,36.0,14.951103727474695,NORMAL
20:31:46.85,PAC002,Maria Santos,987.654.321-00,70.0,99.1,117.0,82.0,36.9,17.390405800167997,NORMAL
20:31:47.05,PAC002,Maria Santos,987.654.321-00,73.0,96.5,118.0,84.0,36.7,15.921960961244912,NORMAL
20:31:47.25,PAC002,Maria Santos,987.654.321-00,71.0,95.0,116.0,88.0,36.1,16.37895964244216,NORMAL
20:31:47.45,PAC002,Maria Santos,987.654.321-00,75.0,96.1,126.0,83.0,36.5,21.736806111333536,NORMAL
20:31:47.65,PAC002,Maria Santos,987.654.321-00,67.0,99.6,124.0,82.0,36.6,14.533687605780006,NORMAL
20:31:47.85,PAC002,Maria Santos,987.654.321-00,73.0,95.2,130.0,79.0,36.7,18.1162366501743,NORMAL
20:31:48.05,PAC002,Maria Santos,987.654.321-00,73.0,98.2,118.0,74.0,36.9,18.872670811411957,NORMAL
20:31:48.25,PAC002,Maria Santos,987.654.321-00,71.0,98.1,118.0,84.0,36.7,19.882434872927497,NORMAL
20:31:48.45,PAC002,Maria Santos,987.654.321-00,69.0,97.4,127.0,81.0,36.4,14.254077819092599,NORMAL
20:31:48.65,PAC002,Maria Santos,987.654.321-00,75.0,99.1,118.0,85.0,36.9,16.268592994495584,NORMAL
20:31:48.85,PAC002,Maria Santos,987.654.321-00,72.0,98.8,118.0,78.0,35.9,17.752911291005873,NORMAL
20:31:49.05,PAC002,Maria Santos,987.654.321-00,67.0,100.0,122.0,77.0,36.3,15.423922252155847,NORMAL
20:31:49.25,PAC002,Maria Santos,987.654.321-00,76.0,94.3,135.0,80.0,36.1,13.849375213901524,NORMAL
20:31:49.45,PAC002,Maria Santos,987.654.321-00,77.0,96.6,116.0,84.0,36.6,14.124148846927202,NORMAL
20:31:49.65,PAC002,Maria Santos,987.654.321-00,73.0,96.5,134.0,83.0,36.7,16.723322122494032,NORMAL
20:31:49.85,PAC002,Maria Santos,987.654.321-00,77.0,98.0,116.0,80.0,37.1,13.970481013628296,NORMAL
20:31:50.05,PAC002,Maria Santos,987.654.321-00,71.0,98.6,125.0,73.0,36.8,20.640081444034518,NORMAL
20:31:50.25,PAC002,Maria Santos,987.654.321-00,73.0,96.6,113.0,79.0,36.8,16.950335492990764,NORMAL
20:31:50.45,PAC002,Maria Santos,987.654.321-00,72.0,97.1,116.0,82.0,36.8,12.908540426618533,NORMAL
20:31:50.65,PAC002,Maria Santos,987.654.321-00,77.0,98.9,136.0,71.0,36.1,15.702061380465405,NORMAL
20:31:50.85,PAC002,Maria Santos,987.654.321-00,74.0,100.0,131.0,77.0,36.2,18.4600011454383,NORMAL
20:31:51.05,PAC002,Maria Santos,987.654.321-00,69.0,100.0,123.0,86.0,36.7,15.726009021115084,NORMAL
20:31:51.25,PAC002,Maria Santos,987.654.321-00,70.0,97.5,128.0,78.0,36.3,15.668737179364735,NORMAL
20:31:51.45,PAC002,Maria Santos,987.654.321-00,72.0,94.8,129.0,73.0,36.2,12.62531130577858,NORMAL
20:31:51.65,PAC002,Maria Santos,987.654.321-00,67.0,96.0,119.0,88.0,36.3,16.355500212536064,NORMAL
20:31:51.85,PAC002,Maria Santos,987.654.321-00,73.0,98.2,124.0,72.0,36.9,19.61439328727577,NORMAL
20:31:52.05,PAC002,Maria Santos,987.654.321-00,67.0,96.5,123.0,73.0,36.7,14.543455595186774,NORMAL
20:31:52.25,PAC002,Maria Santos,987.654.321-00,78.0,99.8,127.0,83.0,36.8,14.872105023883513,NORMAL
20:31:52.45,PAC002,Maria Santos,987.654.321-00,70.0,98.1,132.0,79.0,36.0,14.394351112098315,NORMAL
20:31:52.65,PAC002,Maria Santos,987.654.321-00,72.0,97.9,141.0,71.0,36.7,18.97822621665658,NORMAL
20:31:52.85,PAC002,Maria Santos,987.654.321-00,79.0,97.4,129.0,81.0,36.6,15.802309597521388,NORMAL
20:31:53.05,PAC002,Maria Santos,987.654.321-00,73.0,94.2,130.0,79.0,36.4,20.093724391439117,NORMAL
20:31:53.25,PAC002,Maria Santos,987.654.321-00,70.0,97.4,141.0,74.0,36.3,15.7059491531383,NORMAL
20:31:53.45,PAC002,Maria Santos,987.654.321-00,75.0,98.3,115.0,75.0,36.3,15.845557909553909,NORMAL
20:31:53.65,PAC002,Maria Santos,987.654.321-00,73.0,98.6,111.0,83.0,36.6,18.76906409518781,NORMAL
20:31:53.85,PAC002,Maria Santos,987.654.321-00,73.0,99.7,129.0,85.0,36.7,15.804169507114192,NORMAL
20:31:54.05,PAC002,Maria Santos,987.654.321-00,79.0,99.3,130.0,72.0,36.1,16.585430964283706,NORMAL
20:31:54.25,PAC002,Maria Santos,987.654.321-00,72.0,97.1,126.0,86.0,36.7,13.717982980494524,NORMAL
20:31:54.45,PAC002,Maria Santos,987.654.321-00,72.0,96.8,122.0,76.0,36.4,13.48972925605321,NORMAL
20:31:54.65,PAC002,Maria Santos,987.654.321-00,72.0,97.2,102.0,88.0,36.8,15.247398550150008,NORMAL
20:31:54.85,PAC002,Maria Santos,987.654.321-00,72.0,96.2,139.0,87.0,36.5,18.04706128837069,NORMAL
20:31:55.05,PAC002,Maria Santos,987.654.321-00,73.0,96.0,122.0,79.0,36.4,15.562693445129929,NORMAL
20:31:55.25,PAC002,Maria Santos,987.654.321-00,72.0,97.9,125.0,73.0,36.3,13.430831468600061,NORMAL
20:31:55.45,PAC002,Maria Santos,987.654.321-00,75.0,94.8,134.0,85.0,36.4,10.793725824345403,NORMAL
20:31:55.65,PAC002,Maria Santos,987.654.321-00,71.0,97.9,117.0,75.0,37.0,17.32985432460348,NORMAL
20:31:55.85,PAC002,Maria Santos,987.654.321-00,69.0,95.6,122.0,77.0,36.6,14.929366574864682,NORMAL
20:31:56.05,PAC002,Maria Santos,987.654.321-00,74.0,100.0,132.0,78.0,36.4,15.286653731640257,NORMAL
20:31:56.25,PAC002,Maria Santos,987.654.321-00,76.0,97.1,125.0,78.0,36.3,13.255068904231798,NORMAL
20:31:56.45,PAC002,Maria Santos,987.654.321-00,73.0,97.9,129.0,75.0,36.9,14.24645243757631,NORMAL
20:31:56.65,PAC002,Maria Santos,987.654.321-00,77.0,95.4,128.0,80.0,36.3,16.848787875722024,NORMAL
20:31:56.85,PAC002,Maria Santos,987.654.321-00,76.0,94.7,129.0,66.0,36.2,19.25833272980189,NORMAL
20:31:57.05,PAC002,Maria Santos,987.654.321-00,70.0,96.2,123.0,88.0,36.0,13.897380176721311,NORMAL
20:31:57.25,PAC002,Maria Santos,987.654.321-00,76.0,100.0,124.0,72.0,37.1,19.188884783498395,NORMAL
20:31:57.45,PAC002,Maria Santos,987.654.321-00,74.0,96.8,125.0,77.0,36.6,18.90200287626267,NORMAL
20:31:57.65,PAC002,Maria Santos,987.654.321-00,75.0,96.4,136.0,80.0,36.7,18.933081718557204,NORMAL
20:31:57.85,PAC002,Maria Santos,987.654.321-00,69.0,97.9,121.0,70.0,36.6,21.023113103168846,NORMAL
20:31:58.05,PAC002,Maria Santos,987.654.321-00,66.0,98.0,130.0,79.0,36.5,13.401567273108352,NORMAL
20:31:58.25,PAC002,Maria Santos,987.654.321-00,73.0,96.9,107.0,84.0,36.8,16.10332195370216,NORMAL
20:31:58.45,PAC002,Maria Santos,987.654.321-00,73.0,99.6,127.0,83.0,36.4,18.623967477147893,NORMAL
20:31:58.65,PAC002,Maria Santos,987.654.321-00,73.0,98.3,115.0,79.0,36.3,14.723434546943011,NORMAL
20:31:58.85,PAC002,Maria Santos,987.654.321-00,70.0,96.4,142.0,85.0,37.1,13.554209960888873,NORMAL
20:31:59.05,PAC002,Maria Santos,987.654.321-00,72.0,96.1,119.0,73.0,36.9,15.20754064379648,NORMAL
20:31:59.25,PAC002,Maria Santos,987.654.321-00,75.0,98.9,143.0,71.0,36.9,18.292881740801455,NORMAL
20:31:59.45,PAC002,Maria Santos,987.654.321-00,69.0,99.5,128.0,77.0,36.3,14.561781097101628,NORMAL
20:31:59.65,PAC002,Maria Santos,987.654.321-00,78.0,98.0,131.0,74.0,36.3,18.163969618499884,NORMAL
20:31:59.85,PAC002,Maria Santos,987.654.321-00,68.0,97.4,125.0,79.0,36.4,16.791639562191847,NORMAL
20:32:00.05,PAC002,Maria Santos,987.654.321-00,74.0,99.1,117.0,77.0,36.9,17.789294375147744,NORMAL
20:32:00.25,PAC002,Maria Santos,987.654.321-00,68.0,98.5,109.0,78.0,37.1,14.104214565462028,NORMAL
20:32:00.45,PAC002,Maria Santos,987.654.321-00,69.0,99.1,113.0,75.0,36.7,14.731428304621193,NORMAL
20:32:00.65,PAC002,Maria Santos,987.654.321-00,71.0,99.1,128.0,79.0,36.4,16.74012223053791,NORMAL
20:32:00.85,PAC002,Maria Santos,987.654.321-00,72.0,98.7,121.0,77.0,36.2,15.929984779987528,NORMAL
20:32:01.05,PAC002,Maria Santos,987.654.321-00,70.0,96.3,127.0,79.0,36.7,15.137748860849802,NORMAL
20:32:01.25,PAC002,Maria Santos,987.654.321-00,73.0,98.8,129.0,74.0,36.5,16.72828059210932,NORMAL
20:32:01.45,PAC002,Maria Santos,987.654.321-00,72.0,94.9,126.0,89.0,36.4,14.543845804289358,NORMAL
20:32:01.65,PAC002,Maria Santos,987.654.321-00,73.0,98.5,135.0,72.0,36.7,17.180844122502926,NORMAL
20:32:01.85,PAC002,Maria Santos,987.654.321-00,72.0,98.5,133.0,82.0,36.2,17.64031637351097,NORMAL
20:32:02.05,PAC002,Maria Santos,987.654.321-00,72.0,98.1,126.0,77.0,36.9,15.832564080301577,NORMAL
20:32:02.25,PAC002,Maria Santos,987.654.321-00,69.0,97.4,126.0,84.0,36.7,14.298929442505912,NORMAL
20:32:02.45,PAC002,Maria Santos,987.654.321-00,79.0,98.4,135.0,77.0,36.7,17.678937009036808,NORMAL
20:32:02.65,PAC002,Maria Santos,987.654.321-00,76.0,99.6,132.0,76.0,36.3,16.665215020648397,NORMAL
20:32:02.85,PAC002,Maria Santos,987.654.321-00,75.0,97.7,134.0,85.0,36.2,14.32615859240744,NORMAL
20:32:03.05,PAC002,Maria Santos,987.654.321-00,72.0,98.5,121.0,85.0,36.6,16.07889409648148,NORMAL
20:32:03.25,PAC002,Maria Santos,987.654.321-00,68.0,96.0,127.0,67.0,36.8,15.68369231125536,NORMAL
20:32:03.45,PAC002,Maria Santos,987.654.321-00,82.0,100.0,124.0,77.0,36.8,19.406345219836076,NORMAL
20:32:03.65,PAC002,Maria Santos,987.654.321-00,67.0,95.3,120.0,81.0,36.6,18.1395429099677,NORMAL
20:32:03.85,PAC002,Maria Santos,987.654.321-00,68.0,94.5,132.0,74.0,35.9,16.290127491918764,NORMAL
20:32:04.05,PAC002,Maria Santos,987.654.321-00,74.0,97.8,121.0,77.0,36.4,13.303905776119667,NORMAL
20:32:04.25,PAC002,Maria Santos,987.654.321-00,70.0,98.8,128.0,79.0,36.2,15.636993675728666,NORMAL
20:32:04.45,PAC002,Maria Santos,987.654.321-00,65.0,98.3,136.0,71.0,36.3,16.658213557420257,NORMAL
20:32:04.65,PAC002,Maria Santos,987.654.321-00,76.0,97.3,119.0,68.0,36.5,20.084152080287488,NORMAL
20:32:04.85,PAC002,Maria Santos,987.654.321-00,73.0,98.0,128.0,78.0,36.3,17.64655983135541,NORMAL
20:32:05.05,PAC002,Maria Santos,987.654.321-00,73.0,98.0,117.0,85.0,36.7,14.894158325265396,NORMAL
20:32:05.25,PAC002,Maria Santos,987.654.321-00,75.0,97.3,119.0,74.0,36.0,16.943084760836413,NORMAL
20:32:05.45,PAC002,Maria Santos,987.654.321-00,67.0,96.2,108.0,78.0,36.5,15.346607573627272,NORMAL
20:32:05.65,PAC002,Maria Santos,987.654.321-00,69.0,96.2,129.0,75.0,36.6,14.229502627751556,NORMAL
20:32:05.85,PAC002,Maria Santos,987.654.321-00,73.0,100.0,130.0,76.0,36.6,15.518669650939573,NORMAL
20:32:06.05,PAC002,Maria Santos,987.654.321-00,72.0,97.5,124.0,79.0,36.2,13.968242346020043,NORMAL
20:32:06.25,PAC002,Maria Santos,987.654.321-00,68.0,95.6,115.0,79.0,36.2,17.027228928462193,NORMAL
20:32:06.45,PAC002,Maria Santos,987.654.321-00,72.0,95.0,130.0,82.0,36.2,16.840383085789984,NORMAL
20:32:06.65,PAC002,Maria Santos,987.654.321-00,69.0,98.1,115.0,69.0,36.4,15.752542107450328,NORMAL
20:32:06.85,PAC002,Maria Santos,987.654.321-00,71.0,96.2,122.0,79.0,36.5,16.365002061198428,NORMAL
20:32:07.05,PAC002,Maria Santos,987.654.321-00,70.0,99.8,116.0,80.0,36.9,16.961816185497792,NORMAL
20:32:07.25,PAC002,Maria Santos,987.654.321-00,71.0,97.2,133.0,71.0,36.2,15.204884469016557,NORMAL
20:32:07.45,PAC002,Maria Santos,987.654.321-00,76.0,98.6,117.0,76.0,36.3,14.58042201553293,NORMAL
20:32:07.65,PAC002,Maria Santos,987.654.321-00,75.0,95.9,138.0,82.0,36.8,15.074120975949484,NORMAL
20:32:07.85,PAC002,Maria Santos,987.654.321-00,72.0,95.9,121.0,80.0,36.9,13.785686366395097,NORMAL
20:32:08.05,PAC002,Maria Santos,987.654.321-00,71.0,97.8,114.0,81.0,36.3,15.609219297645952,NORMAL
20:32:08.25,PAC002,Maria Santos,987.654.321-00,71.0,96.8,125.0,77.0,36.4,14.543076756639314,NORMAL
20:32:08.45,PAC002,Maria Santos,987.654.321-00,73.0,100.0,126.0,83.0,36.1,16.31552287858754,NORMAL
20:32:08.65,PAC002,Maria Santos,987.654.321-00,69.0,95.8,119.0,84.0,36.8,16.4860094441088,NORMAL
20:32:08.85,PAC002,Maria Santos,987.654.321-00,67.0,97.7,127.0,79.0,35.9,14.219364303960257,NORMAL
20:32:09.05,PAC002,Maria Santos,987.654.321-00,72.0,98.8,107.0,77.0,36.5,17.699223977032425,NORMAL
20:32:09.25,PAC002,Maria Santos,987.654.321-00,74.0,98.9,119.0,68.0,36.4,18.00326365041712,NORMAL
20:32:09.45,PAC002,Maria Santos,987.654.321-00,76.0,99.1,128.0,80.0,36.3,15.73987941289276,NORMAL
20:32:09.65,PAC002,Maria Santos,987.654.321-00,77.0,96.6,138.0,76.0,36.9,13.186369981004923,NORMAL
20:32:09.85,PAC002,Maria Santos,987.654.321-00,74.0,96.9,114.0,79.0,36.8,14.310117122813008,NORMAL
20:32:10.05,PAC002,Maria Santos,987.654.321-00,68.0,97.9,124.0,81.0,36.8,15.881169637455011,NORMAL
20:32:10.25,PAC002,Maria Santos,987.654.321-00,78.0,98.3,122.0,70.0,36.4,15.327226109177728,NORMAL
20:32:10.45,PAC002,Maria Santos,987.654.321-00,75.0,98.7,116.0,79.0,36.7,19.056062718775664,NORMAL
20:32:10.65,PAC002,Maria Santos,987.654.321-00,75.0,99.1,125.0,80.0,36.9,13.334445205040701,NORMAL
20:32:10.85,PAC002,Maria Santos,987.654.321-00,71.0,96.8,128.0,84.0,36.3,11.219391265061123,NORMAL
20:32:11.05,PAC002,Maria Santos,987.654.321-00,71.0,99.4,129.0,80.0,36.4,13.441938527560428,NORMAL
20:32:11.25,PAC002,Maria Santos,987.654.321-00,74.0,96.7,142.0,81.0,36.3,14.777229505222744,NORMAL
20:32:11.45,PAC002,Maria Santos,987.654.321-00,72.0,97.6,134.0,79.0,36.3,19.780881370311565,NORMAL
20:32:11.65,PAC002,Maria Santos,987.654.321-00,72.0,99.2,120.0,80.0,36.6,12.220701415807694,NORMAL
20:32:11.85,PAC002,Maria Santos,987.654.321-00,78.0,99.9,122.0,72.0,36.6,16.17339539882879,NORMAL
20:32:12.05,PAC002,Maria Santos,987.654.321-00,73.0,98.3,129.0,85.0,36.7,13.900689002180117,NORMAL
20:32:12.25,PAC002,Maria Santos,987.654.321-00,76.0,100.0,150.0,72.0,36.6,11.835802593622025,NORMAL
20:32:12.45,PAC002,Maria Santos,987.654.321-00,74.0,97.2,140.0,74.0,36.0,15.057472518594961,NORMAL
20:32:12.65,PAC002,Maria Santos,987.654.321-00,66.0,99.1,108.0,78.0,35.9,15.359404390926716,NORMAL
20:32:12.85,PAC002,Maria Santos,987.654.321-00,77.0,98.5,118.0,78.0,36.5,16.945260691686812,ALERTA
20:32:13.05,PAC002,Maria Santos,987.654.321-00,74.0,98.9,113.0,75.0,36.4,13.188873892287427,ALERTA
20:32:13.25,PAC002,Maria Santos,987.654.321-00,75.0,98.3,133.0,75.0,36.4,15.823817511941854,ALERTA
20:32:13.45,PAC002,Maria Santos,987.654.321-00,83.0,95.9,118.0,82.0,36.3,15.480399718464975,ALERTA
20:32:13.65,PAC002,Maria Santos,987.654.321-00,76.0,99.2,139.0,71.0,36.2,17.913406372771316,ALERTA
20:32:13.85,PAC002,Maria Santos,987.654.321-00,80.0,97.7,130.0,75.0,36.6,16.599295375674696,ALERTA
20:32:14.05,PAC002,Maria Santos,987.654.321-00,81.0,97.4,138.0,92.0,36.5,16.3625023252041,ALERTA
20:32:14.25,PAC002,Maria Santos,987.654.321-00,79.0,98.3,130.0,79.0,36.9,15.525976059974745,ALERTA
20:32:14.45,PAC002,Maria Santos,987.654.321-00,78.0,98.4,128.0,80.0,36.2,16.59448854676025,ALERTA
20:32:14.65,PAC002,Maria Santos,987.654.321-00,73.0,99.6,138.0,74.0,36.0,16.226280914106045,ALERTA
20:32:14.85,PAC002,Maria Santos,987.654.321-00,75.0,95.0,137.0,76.0,36.7,12.176718898696485,ALERTA
20:32:15.05,PAC002,Maria Santos,987.654.321-00,80.0,97.7,139.0,78.0,36.8,18.841008574542126,ALERTA
20:32:15.25,PAC002,Maria Santos,987.654.321-00,75.0,98.3,144.0,73.0,36.7,16.144557930768578,ALERTA
20:32:15.45,PAC002,Maria Santos,987.654.321-00,73.0,96.8,145.0,82.0,36.5,18.713166771655963,ALERTA
20:32:15.65,PAC002,Maria Santos,987.654.321-00,73.0,98.3,149.0,74.0,37.0,15.25464883209605,ALERTA
20:32:15.85,PAC002,Maria Santos,987.654.321-00,76.0,95.2,134.0,73.0,36.3,16.415206702801253,ALERTA
20:32:16.05,PAC002,Maria Santos,987.654.321-00,81.0,96.4,127.0,87.0,36.3,16.00457587228701,ALERTA
20:32:16.25,PAC002,Maria Santos,987.654.321-00,81.0,99.9,137.0,76.0,36.5,16.008459717988302,ALERTA
20:32:16.45,PAC002,Maria Santos,987.654.321-00,74.0,100.0,139.0,80.0,36.0,15.810351537438256,ALERTA
20:32:16.65,PAC002,Maria Santos,987.654.321-00,74.0,98.4,137.0,84.0,36.5,15.565737850107595,ALERTA
20:32:16.85,PAC002,Maria Santos,987.654.321-00,80.0,97.3,129.0,78.0,36.5,12.327280432459204,ALERTA
20:32:17.05,PAC002,Maria Santos,987.654.321-00,74.0,99.2,128.0,77.0,36.8,15.678737760949012,ALERTA
20:32:17.25,PAC002,Maria Santos,987.654.321-00,76.0,96.6,139.0,80.0,36.5,15.314242276884872,ALERTA
20:32:17.45,PAC002,Maria Santos,987.654.321-00,79.0,97.2,135.0,75.0,36.4,14.56791312744832,ALERTA
20:32:17.65,PAC002,Maria Santos,987.654.321-00,71.0,97.9,131.0,79.0,36.9,15.008243655979701,ALERTA
20:32:17.85,PAC002,Maria Santos,987.654.321-00,78.0,95.7,108.0,81.0,36.6,14.06051256073065,ALERTA
20:32:18.05,PAC002,Maria Santos,987.654.321-00,75.0,97.1,138.0,64.0,36.2,14.923904483019722,ALERTA
20:32:18.25,PAC002,Maria Santos,987.654.321-00,78.0,95.2,136.0,81.0,37.1,12.39227441487527,ALERTA
20:32:18.45,PAC002,Maria Santos,987.654.321-00,71.0,99.3,141.0,84.0,36.1,16.83941121671453,ALERTA
20:32:18.65,PAC002,Maria Santos,987.654.321-00,79.0,98.0,118.0,85.0,36.3,13.64108067098444,ALERTA
20:32:18.85,PAC002,Maria Santos,987.654.321-00,83.0,97.5,145.0,78.0,35.9,17.397377627034086,ALERTA
20:32:19.05,PAC002,Maria Santos,987.654.321-00,77.0,95.7,140.0,89.0,36.6,16.421336930406223,ALERTA
20:32:19.25,PAC002,Maria Santos,987.654.321-00,80.0,96.4,137.0,83.0,36.2,14.224460976922918,ALERTA
20:32:19.45,PAC002,Maria Santos,987.654.321-00,81.0,97.6,142.0,77.0,36.5,12.008936439096523,ALERTA
20:32:19.65,PAC002,Maria Santos,987.654.321-00,71.0,99.4,128.0,75.0,36.1,15.797438562596934,ALERTA
20:32:19.85,PAC002,Maria Santos,987.654.321-00,72.0,96.6,138.0,80.0,37.1,17.946203122030145,ALERTA
20:32:20.05,PAC002,Maria Santos,987.654.321-00,76.0,98.3,133.0,79.0,37.0,15.139381360090715,ALERTA
20:32:20.25,PAC002,Maria Santos,987.654.321-00,73.0,97.7,142.0,70.0,36.2,14.414953105769575,ALERTA
20:32:20.45,PAC002,Maria Santos,987.654.321-00,73.0,96.0,125.0,82.0,36.1,17.463911005019693,ALERTA
20:32:20.65,PAC002,Maria Santos,987.654.321-00,77.0,97.3,134.0,69.0,36.6,18.011849023592834,ALERTA
20:32:20.85,PAC002,Maria Santos,987.654.321-00,73.0,99.7,140.0,76.0,36.5,13.846641745057973,ALERTA
20:32:21.05,PAC002,Maria Santos,987.654.321-00,74.0,99.6,132.0,83.0,37.0,13.692615437320283,ALERTA
20:32:21.25,PAC002,Maria Santos,987.654.321-00,80.0,98.3,133.0,75.0,36.0,15.36529901551493,ALERTA
20:32:21.45,PAC002,Maria Santos,987.654.321-00,80.0,98.3,150.0,83.0,36.3,12.835646473307746,ALERTA
20:32:21.65,PAC002,Maria Santos,987.654.321-00,71.0,97.2,120.0,78.0,36.4,17.431745489381917,ALERTA
20:32:21.85,PAC002,Maria Santos,987.654.321-00,76.0,97.5,141.0,81.0,36.6,18.390961301650957,ALERTA
20:32:22.05,PAC002,Maria Santos,987.654.321-00,76.0,100.0,126.0,78.0,36.3,14.907916402366558,ALERTA
20:32:22.25,PAC002,Maria Santos,987.654.321-00,78.0,98.2,144.0,81.0,35.8,14.447001719013999,ALERTA
20:32:22.45,PAC002,Maria Santos,987.654.321-00,77.0,98.3,128.0,79.0,36.3,13.134657420520695,ALERTA
20:32:22.65,PAC002,Maria Santos,987.654.321-00,76.0,98.9,142.0,82.0,36.6,13.28496492031613,ALERTA
20:32:22.85,PAC002,Maria Santos,987.654.321-00,69.0,96.6,134.0,83.0,36.6,18.143859730423593,ALERTA
20:32:23.05,PAC002,Maria Santos,987.654.321-00,69.0,98.5,124.0,82.0,36.5,15.230114223179838,NORMAL
20:32:23.25,PAC002,Maria Santos,987.654.321-00,74.0,99.3,120.0,78.0,36.2,11.003877965014121,NORMAL
20:32:23.45,PAC002,Maria Santos,987.654.321-00,73.0,98.9,127.0,68.0,36.4,11.563304479897837,NORMAL
20:32:23.65,PAC002,Maria Santos,987.654.321-00,76.0,96.4,135.0,83.0,36.2,13.73443009746451,NORMAL
20:32:23.85,PAC002,Maria Santos,987.654.321-00,73.0,96.7,126.0,76.0,36.0,11.539063961751083,NORMAL
20:32:24.05,PAC002,Maria Santos,987.654.321-00,73.0,97.2,121.0,81.0,36.9,15.454910557276381,NORMAL
20:32:24.25,PAC002,Maria Santos,987.654.321-00,71.0,98.8,114.0,79.0,36.7,17.36046041683526,NORMAL
20:32:24.45,PAC002,Maria Santos,987.654.321-00,66.0,96.9,118.0,78.0,36.6,18.993420814891962,NORMAL
20:32:24.65,PAC002,Maria Santos,987.654.321-00,71.0,97.3,134.0,79.0,36.9,16.577456006019673,NORMAL
20:32:24.85,PAC002,Maria Santos,987.654.321-00,69.0,96.0,113.0,81.0,36.9,19.698724282772762,NORMAL
20:32:25.05,PAC002,Maria Santos,987.654.321-00,75.0,99.7,120.0,72.0,36.8,16.8353615044788,NORMAL
20:32:25.25,PAC002,Maria Santos,987.654.321-00,72.0,98.6,128.0,84.0,36.9,17.088440704680693,NORMAL
20:32:25.45,PAC002,Maria Santos,987.654.321-00,75.0,98.8,121.0,82.0,36.1,18.107783104591768,NORMAL
20:32:25.65,PAC002,Maria Santos,987.654.321-00,68.0,98.4,118.0,81.0,36.5,12.810488083673334,NORMAL
20:32:25.85,PAC002,Maria Santos,987.654.321-00,73.0,97.1,132.0,78.0,36.6,14.084862089969576,NORMAL
20:32:26.05,PAC002,Maria Santos,987.654.321-00,70.0,97.3,132.0,86.0,36.3,18.15369628931536,NORMAL
20:32:26.25,PAC002,Maria Santos,987.654.321-00,65.0,96.2,117.0,71.0,36.0,16.825997824275596,NORMAL
20:32:26.45,PAC002,Maria Santos,987.654.321-00,71.0,98.6,131.0,79.0,36.7,15.86093542751546,NORMAL
20:32:26.65,PAC002,Maria Santos,987.654.321-00,68.0,99.6,120.0,73.0,36.4,14.174378161406974,NORMAL
20:32:26.85,PAC002,Maria Santos,987.654.321-00,71.0,98.5,128.0,74.0,36.4,18.148666009540488,NORMAL
20:32:27.05,PAC002,Maria Santos,987.654.321-00,73.0,100.0,134.0,84.0,36.1,17.527720703266844,NORMAL
20:32:27.25,PAC002,Maria Santos,987.654.321-00,72.0,97.2,126.0,83.0,36.7,14.24305239731588,NORMAL
20:32:27.45,PAC002,Maria Santos,987.654.321-00,74.0,97.0,127.0,76.0,36.4,17.532485950081018,NORMAL
20:32:27.65,PAC002,Maria Santos,987.654.321-00,69.0,100.0,110.0,75.0,36.6,17.168628332870618,NORMAL
20:32:27.85,PAC002,Maria Santos,987.654.321-00,72.0,97.9,128.0,77.0,36.9,17.678698228463205,NORMAL
20:32:28.05,PAC002,Maria Santos,987.654.321-00,75.0,96.6,124.0,76.0,36.2,16.720328367891533,NORMAL
20:32:28.25,PAC002,Maria Santos,987.654.321-00,70.0,99.0,116.0,87.0,36.2,16.43860467440087,NORMAL
20:32:28.45,PAC002,Maria Santos,987.654.321-00,74.0,97.1,132.0,72.0,36.9,16.028298529931515,NORMAL
20:32:28.65,PAC002,Maria Santos,987.654.321-00,70.0,97.6,131.0,75.0,36.3,15.556926804832523,NORMAL
20:32:28.85,PAC002,Maria Santos,987.654.321-00,68.0,100.0,120.0,82.0,36.6,14.030931899036064,NORMAL
20:32:29.05,PAC002,Maria Santos,987.654.321-00,72.0,99.2,123.0,84.0,36.8,17.837829709316658,NORMAL
20:32:29.25,PAC002,Maria Santos,987.654.321-00,71.0,96.4,120.0,79.0,36.7,11.656857190479105,NORMAL
20:32:29.45,PAC002,Maria Santos,987.654.321-00,72.0,98.2,123.0,84.0,36.6,18.620383816161794,NORMAL
20:32:29.65,PAC002,Maria Santos,987.654.321-00,71.0,99.4,138.0,85.0,36.2,15.492647844915238,NORMAL
20:32:29.85,PAC002,Maria Santos,987.654.321-00,71.0,98.7,130.0,74.0,36.5,11.960145335687727,NORMAL
20:32:30.05,PAC002,Maria Santos,987.654.321-00,76.0,97.2,125.0,76.0,36.8,10.324987117205243,NORMAL
20:32:30.25,PAC002,Maria Santos,987.654.321-00,72.0,97.8,121.0,87.0,36.2,17.543592354471322,NORMAL
20:32:30.45,PAC002,Maria Santos,987.654.321-00,73.0,99.9,120.0,74.0,36.8,16.85064261666022,NORMAL
20:32:30.65,PAC002,Maria Santos,987.654.321-00,67.0,97.2,128.0,82.0,36.3,10.171488020366118,NORMAL
20:32:30.85,PAC002,Maria Santos,987.654.321-00,74.0,96.2,109.0,64.0,36.7,16.257234900809934,NORMAL
20:32:31.05,PAC002,Maria Santos,987.654.321-00,71.0,100.0,130.0,86.0,36.1,15.930898752092073,NORMAL
20:32:31.25,PAC002,Maria Santos,987.654.321-00,67.0,97.7,123.0,81.0,36.5,17.24681427655983,NORMAL
20:32:31.45,PAC002,Maria Santos,987.654.321-00,74.0,100.0,122.0,73.0,36.6,14.395439945720913,NORMAL
20:32:31.65,PAC002,Maria Santos,987.654.321-00,76.0,97.6,120.0,76.0,36.7,15.68450603353703,NORMAL
20:32:31.85,PAC002,Maria Santos,987.654.321-00,70.0,100.0,118.0,78.0,36.7,12.737329779165854,NORMAL
20:32:32.05,PAC002,Maria Santos,987.654.321-00,73.0,96.4,132.0,73.0,36.7,18.211666132589425,NORMAL
20:32:32.25,PAC002,Maria Santos,987.654.321-00,75.0,98.4,123.0,75.0,36.9,14.601009559664714,NORMAL
20:32:32.45,PAC002,Maria Santos,987.654.321-00,69.0,99.0,119.0,73.0,36.1,15.034180321078965,NORMAL
20:32:32.65,PAC002,Maria Santos,987.654.321-00,72.0,98.4,133.0,81.0,36.4,15.603608647240561,NORMAL
20:32:32.85,PAC002,Maria Santos,987.654.321-00,74.0,99.9,126.0,76.0,36.2,13.10958947117555,NORMAL
20:32:33.05,PAC002,Maria Santos,987.654.321-00,74.0,98.9,130.0,77.0,36.9,15.031763010830364,NORMAL
20:32:33.25,PAC002,Maria Santos,987.654.321-00,75.0,97.9,120.0,81.0,36.6,16.71394551853385,NORMAL
20:32:33.45,PAC002,Maria Santos,987.654.321-00,72.0,97.9,144.0,84.0,36.7,16.223598316406775,NORMAL
20:32:33.65,PAC002,Maria Santos,987.654.321-00,75.0,98.8,125.0,76.0,36.5,10.0,NORMAL
20:32:33.85,PAC002,Maria Santos,987.654.321-00,73.0,97.3,138.0,78.0,36.1,15.900239691743765,NORMAL
20:32:34.05,PAC002,Maria Santos,987.654.321-00,69.0,98.7,127.0,83.0,36.3,16.068016192456295,NORMAL
20:32:34.25,PAC002,Maria Santos,987.654.321-00,68.0,99.1,129.0,80.0,36.5,16.829545781577583,NORMAL
20:32:34.45,PAC002,Maria Santos,987.654.321-00,77.0,97.6,126.0,73.0,36.2,16.195626586186616,NORMAL
20:32:34.65,PAC002,Maria Santos,987.654.321-00,75.0,97.6,123.0,76.0,36.3,16.589942911417644,NORMAL
20:32:34.85,PAC002,Maria Santos,987.654.321-00,68.0,99.9,120.0,82.0,36.1,17.337680261092437,NORMAL
20:32:35.05,PAC002,Maria Santos,987.654.321-00,74.0,98.6,117.0,79.0,36.1,15.494473489807628,NORMAL
20:32:35.25,PAC002,Maria Santos,987.654.321-00,75.0,99.2,125.0,73.0,36.7,16.03876247539605,NORMAL
20:32:35.45,PAC002,Maria Santos,987.654.321-00,65.0,99.2,125.0,84.0,36.2,10.0,NORMAL
20:32:35.65,PAC002,Maria Santos,987.654.321-00,73.0,98.4,111.0,73.0,37.3,15.388778771692394,NORMAL
20:32:35.85,PAC002,Maria Santos,987.654.321-00,74.0,97.0,108.0,77.0,36.4,15.200243522663257,NORMAL
20:32:36.05,PAC002,Maria Santos,987.654.321-00,72.0,98.4,124.0,72.0,36.6,12.101256489355153,NORMAL
20:32:36.25,PAC002,Maria Santos,987.654.321-00,66.0,99.1,129.0,78.0,36.1,14.584178118651849,NORMAL
20:32:36.45,PAC002,Maria Santos,987.654.321-00,71.0,95.6,119.0,81.0,36.9,15.161130494682899,NORMAL
20:32:36.65,PAC002,Maria Santos,987.654.321-00,74.0,95.1,130.0,74.0,36.6,15.504495163520582,NORMAL
20:32:36.85,PAC002,Maria Santos,987.654.321-00,76.0,96.7,130.0,77.0,36.5,15.63229221368158,NORMAL
20:32:37.05,PAC002,Maria Santos,987.654.321-00,69.0,98.0,124.0,79.0,36.5,17.59598909922447,NORMAL
20:32:37.25,PAC002,Maria Santos,987.654.321-00,75.0,96.4,132.0,72.0,36.7,17.239477569405736,NORMAL
20:32:37.45,PAC002,Maria Santos,987.654.321-00,66.0,98.1,121.0,74.0,36.9,14.692641718725163,NORMAL
20:32:37.65,PAC002,Maria Santos,987.654.321-00,70.0,98.1,130.0,77.0,36.8,17.06195132392818,NORMAL
20:32:37.85,PAC002,Maria Santos,987.654.321-00,65.0,97.2,121.0,80.0,35.7,21.098019417435445,NORMAL
20:32:38.05,PAC002,Maria Santos,987.654.321-00,74.0,98.2,134.0,90.0,36.8,17.89762619294324,NORMAL
20:32:38.25,PAC002,Maria Santos,987.654.321-00,72.0,97.8,121.0,74.0,36.3,13.298888071314034,NORMAL
20:32:38.45,PAC002,Maria Santos,987.654.321-00,72.0,95.5,127.0,78.0,36.5,14.955736859960016,NORMAL
20:32:38.65,PAC002,Maria Santos,987.654.321-00,81.0,100.0,115.0,79.0,36.3,13.971040546585172,NORMAL
20:32:38.85,PAC002,Maria Santos,987.654.321-00,68.0,98.6,120.0,83.0,36.8,18.7478287704229,NORMAL
20:32:39.05,PAC002,Maria Santos,987.654.321-00,69.0,98.7,130.0,76.0,36.3,19.219041331551946,NORMAL
20:32:39.25,PAC002,Maria Santos,987.654.321-00,73.0,99.0,118.0,72.0,36.3,15.751957225220005,NORMAL
20:32:39.45,PAC002,Maria Santos,987.654.321-00,69.0,98.0,111.0,72.0,36.7,17.207581040555787,NORMAL
20:32:39.65,PAC002,Maria Santos,987.654.321-00,71.0,96.5,117.0,76.0,36.7,17.85649138268865,NORMAL
20:32:39.85,PAC002,Maria Santos,987.654.321-00,71.0,96.3,127.0,74.0,36.3,18.650552180874076,NORMAL
20:32:40.05,PAC002,Maria Santos,987.654.321-00,74.0,98.2,115.0,79.0,36.8,15.248732668468929,NORMAL
20:32:40.25,PAC002,Maria Santos,987.654.321-00,76.0,99.9,138.0,80.0,36.7,18.82837457666218,NORMAL
20:32:40.45,PAC002,Maria Santos,987.654.321-00,73.0,97.2,121.0,79.0,36.1,15.713482169271614,NORMAL
20:32:40.65,PAC002,Maria Santos,987.654.321-00,75.0,94.7,137.0,84.0,36.4,17.086781655743618,NORMAL
20:32:40.85,PAC002,Maria Santos,987.654.321-00,72.0,99.8,133.0,71.0,36.7,15.588744292713505,NORMAL
20:32:41.05,PAC002,Maria Santos,987.654.321-00,72.0,96.9,139.0,83.0,36.3,13.330778786179534,NORMAL
20:32:41.25,PAC002,Maria Santos,987.654.321-00,71.0,98.7,127.0,84.0,36.7,17.939138051505815,NORMAL
20:32:41.45,PAC002,Maria Santos,987.654.321-00,73.0,95.9,123.0,83.0,36.5,17.006180737247494,NORMAL
20:32:41.65,PAC002,Maria Santos,987.654.321-00,71.0,96.5,124.0,80.0,36.3,15.528577510286663,NORMAL
20:32:41.85,PAC002,Maria Santos,987.654.321-00,69.0,99.7,123.0,85.0,37.0,15.837908070556512,NORMAL
20:32:42.05,PAC002,Maria Santos,987.654.321-00,69.0,94.9,113.0,71.0,36.9,16.231649174453892,NORMAL
20:32:42.25,PAC002,Maria Santos,987.654.321-00,73.0,94.7,115.0,82.0,36.6,15.705589442628806,NORMAL
20:32:42.45,PAC002,Maria Santos,987.654.321-00,74.0,100.0,123.0,78.0,36.6,20.784219270547986,NORMAL
20:32:42.65,PAC002,Maria Santos,987.654.321-00,66.0,99.0,124.0,81.0,36.3,15.9020699382831,NORMAL
20:32:42.85,PAC002,Maria Santos,987.654.321-00,74.0,100.0,131.0,74.0,36.4,15.093171783232291,NORMAL
20:32:43.05,PAC002,Maria Santos,987.654.321-00,67.0,97.5,131.0,72.0,36.8,16.975549642168676,NORMAL
20:32:43.25,PAC002,Maria Santos,987.654.321-00,70.0,97.8,138.0,82.0,36.5,15.524633366078032,NORMAL
20:32:43.45,PAC002,Maria Santos,987.654.321-00,72.0,97.2,108.0,88.0,36.5,16.796294530245074,NORMAL
20:32:43.65,PAC002,Maria Santos,987.654.321-00,72.0,96.9,124.0,70.0,37.2,13.530976003155208,NORMAL
20:32:43.85,PAC002,Maria Santos,987.654.321-00,69.0,97.3,135.0,78.0,36.1,18.50867672151468,NORMAL
20:32:44.05,PAC002,Maria Santos,987.654.321-00,74.0,98.8,131.0,90.0,37.2,14.626569313993409,NORMAL
20:32:44.25,PAC002,Maria Santos,987.654.321-00,77.0,98.6,129.0,70.0,36.4,14.37435281932687,NORMAL
20:32:44.45,PAC002,Maria Santos,987.654.321-00,74.0,99.6,108.0,78.0,36.8,15.62664207537311,NORMAL
20:32:44.65,PAC002,Maria Santos,987.654.321-00,74.0,98.5,128.0,77.0,36.1,13.756939705149945,NORMAL
20:32:44.85,PAC002,Maria Santos,987.654.321-00,74.0,98.0,124.0,76.0,36.4,18.093823588976278,NORMAL
20:32:45.05,PAC002,Maria Santos,987.654.321-00,71.0,96.0,131.0,77.0,36.5,19.21515661279902,NORMAL
20:32:45.25,PAC002,Maria Santos,987.654.321-00,72.0,98.4,116.0,77.0,36.7,12.889252532317515,NORMAL
20:32:45.45,PAC002,Maria Santos,987.654.321-00,73.0,98.2,125.0,83.0,36.6,18.956143796712887,NORMAL
20:32:45.65,PAC002,Maria Santos,987.654.321-00,69.0,98.2,126.0,73.0,36.8,20.649346611705635,NORMAL
20:32:45.85,PAC002,Maria Santos,987.654.321-00,72.0,98.8,126.0,74.0,36.0,14.58845303380927,NORMAL
20:32:46.05,PAC002,Maria Santos,987.654.321-00,68.0,100.0,124.0,76.0,36.8,13.756497794288224,NORMAL
20:32:46.25,PAC002,Maria Santos,987.654.321-00,70.0,98.1,133.0,81.0,36.6,16.156235470472033,NORMAL
20:32:46.45,PAC002,Maria Santos,987.654.321-00,73.0,98.3,117.0,78.0,36.2,16.162165085801647,NORMAL
20:32:46.65,PAC002,Maria Santos,987.654.321-00,71.0,100.0,125.0,71.0,36.5,17.038717491275776,NORMAL
20:32:46.85,PAC002,Maria Santos,987.654.321-00,77.0,97.1,112.0,82.0,36.1,15.12768911698503,NORMAL
20:32:47.05,PAC002,Maria Santos,987.654.321-00,71.0,97.9,131.0,75.0,36.4,15.971459294101223,NORMAL
20:32:47.25,PAC002,Maria Santos,987.654.321-00,72.0,98.1,128.0,82.0,36.6,16.907171047018437,NORMAL
20:32:47.45,PAC002,Maria Santos,987.654.321-00,67.0,98.1,129.0,82.0,36.3,14.68192145022271,NORMAL
20:32:47.65,PAC002,Maria Santos,987.654.321-00,70.0,98.8,133.0,76.0,36.8,16.24695961832919,NORMAL
20:32:47.85,PAC002,Maria Santos,987.654.321-00,72.0,97.7,131.0,80.0,37.2,14.295550714005351,NORMAL
20:32:48.05,PAC002,Maria Santos,987.654.321-00,74.0,97.2,118.0,78.0,36.5,21.836347110120187,NORMAL
20:32:48.25,PAC002,Maria Santos,987.654.321-00,71.0,96.3,127.0,68.0,36.5,16.03205056459032,NORMAL
20:32:48.45,PAC002,Maria Santos,987.654.321-00,74.0,99.5,121.0,77.0,36.3,13.743874890384612,NORMAL
20:32:48.65,PAC002,Maria Santos,987.654.321-00,73.0,96.1,122.0,73.0,36.7,19.602860198532976,NORMAL
20:32:48.85,PAC002,Maria Santos,987.654.321-00,68.0,95.2,124.0,78.0,36.6,15.10735896953131,NORMAL
20:32:49.05,PAC002,Maria Santos,987.654.321-00,71.0,98.6,133.0,68.0,36.4,16.42761758788213,NORMAL
20:32:49.25,PAC002,Maria Santos,987.654.321-00,69.0,100.0,120.0,78.0,36.7,14.81743042239621,NORMAL
20:32:49.45,PAC002,Maria Santos,987.654.321-00,66.0,97.4,133.0,76.0,36.2,17.851344419005443,NORMAL
20:32:49.65,PAC002,Maria Santos,987.654.321-00,71.0,97.2,126.0,82.0,37.2,17.654472215314847,NORMAL
20:32:49.85,PAC002,Maria Santos,987.654.321-00,75.0,97.2,117.0,78.0,36.5,13.842974517270806,NORMAL
20:32:50.05,PAC002,Maria Santos,987.654.321-00,71.0,98.6,128.0,81.0,36.6,14.985982681459888,NORMAL
20:32:50.25,PAC002,Maria Santos,987.654.321-00,70.0,96.2,139.0,78.0,36.4,14.142415837095083,NORMAL
20:32:50.45,PAC002,Maria Santos,987.654.321-00,81.0,96.4,122.0,80.0,36.7,17.915864110431368,NORMAL
20:32:50.65,PAC002,Maria Santos,987.654.321-00,77.0,98.8,117.0,77.0,36.6,20.136452083011648,NORMAL
20:32:50.85,PAC002,Maria Santos,987.654.321-00,68.0,99.8,126.0,82.0,36.5,14.315134739747347,NORMAL
20:32:51.05,PAC002,Maria Santos,987.654.321-00,74.0,99.0,133.0,78.0,36.3,12.882426009952317,NORMAL
20:32:51.25,PAC002,Maria Santos,987.654.321-00,74.0,98.6,117.0,75.0,36.4,13.034031136035164,NORMAL
20:32:51.45,PAC002,Maria Santos,987.654.321-00,70.0,96.3,122.0,74.0,36.0,20.045180461138962,NORMAL
20:32:51.65,PAC002,Maria Santos,987.654.321-00,76.0,96.8,127.0,80.0,36.9,14.362789946679843,NORMAL
20:32:51.85,PAC002,Maria Santos,987.654.321-00,75.0,97.2,114.0,82.0,36.9,21.17581794706137,NORMAL
20:32:52.05,PAC002,Maria Santos,987.654.321-00,68.0,99.0,122.0,82.0,36.1,13.474460448602873,NORMAL
20:32:52.25,PAC002,Maria Santos,987.654.321-00,70.0,98.1,120.0,81.0,36.8,17.199155082490712,NORMAL
20:32:52.45,PAC002,Maria Santos,987.654.321-00,77.0,98.6,115.0,85.0,36.3,17.82083699937114,NORMAL
20:32:52.65,PAC002,Maria Santos,987.654.321-00,77.0,98.7,113.0,73.0,36.9,15.661754628714368,NORMAL
20:32:52.85,PAC002,Maria Santos,987.654.321-00,72.0,99.1,131.0,79.0,36.4,15.374663108535286,NORMAL
20:32:53.05,PAC002,Maria Santos,987.654.321-00,75.0,98.8,123.0,83.0,36.5,14.296675651331213,NORMAL
20:32:53.25,PAC002,Maria Santos,987.654.321-00,70.0,96.5,123.0,84.0,36.3,16.376951522036205,NORMAL
20:32:53.45,PAC002,Maria Santos,987.654.321-00,70.0,97.6,113.0,77.0,36.4,17.08057588807139,NORMAL
20:32:53.65,PAC002,Maria Santos,987.654.321-00,73.0,96.2,134.0,79.0,36.6,15.981635293229722,NORMAL
20:32:53.85,PAC002,Maria Santos,987.654.321-00,70.0,98.3,129.0,69.0,36.3,15.490106059192822,NORMAL
20:32:54.05,PAC002,Maria Santos,987.654.321-00,73.0,99.8,119.0,76.0,36.3,14.396944819790917,NORMAL
20:32:54.25,PAC002,Maria Santos,987.654.321-00,71.0,99.2,117.0,80.0,36.0,14.877324007115588,NORMAL
20:32:54.45,PAC002,Maria Santos,987.654.321-00,71.0,100.0,123.0,67.0,35.9,16.068059172693363,NORMAL
20:32:54.65,PAC002,Maria Santos,987.654.321-00,74.0,98.6,126.0,84.0,36.3,17.78982111205365,NORMAL
20:32:54.85,PAC002,Maria Santos,987.654.321-00,67.0,96.6,111.0,77.0,36.5,16.22820298445304,NORMAL
20:32:55.05,PAC002,Maria Santos,987.654.321-00,72.0,96.6,123.0,71.0,36.9,15.392747854203998,NORMAL
20:32:55.25,PAC002,Maria Santos,987.654.321-00,71.0,100.0,115.0,72.0,36.2,15.864257236601036,NORMAL
20:32:55.45,PAC002,Maria Santos,987.654.321-00,73.0,99.1,146.0,67.0,36.7,14.885738854855537,NORMAL
20:32:55.65,PAC002,Maria Santos,987.654.321-00,70.0,97.1,118.0,86.0,36.8,16.04639195711475,NORMAL
20:32:55.85,PAC002,Maria Santos,987.654.321-00,76.0,95.7,114.0,67.0,36.3,16.323397053409504,NORMAL
20:32:56.05,PAC002,Maria Santos,987.654.321-00,72.0,98.2,114.0,82.0,36.6,17.466108562931996,NORMAL
20:32:56.25,PAC002,Maria Santos,987.654.321-00,66.0,98.5,115.0,76.0,36.7,16.182187212511828,NORMAL
20:32:56.45,PAC002,Maria Santos,987.654.321-00,69.0,98.0,113.0,84.0,36.4,18.237099888510652,NORMAL
20:32:56.65,PAC002,Maria Santos,987.654.321-00,70.0,97.2,119.0,82.0,36.3,17.289190864830353,NORMAL
20:32:56.85,PAC002,Maria Santos,987.654.321-00,71.0,95.0,120.0,72.0,36.5,13.619184528651019,NORMAL
20:32:57.05,PAC002,Maria Santos,987.654.321-00,75.0,97.9,124.0,81.0,36.8,15.959802496460696,NORMAL
20:32:57.25,PAC002,Maria Santos,987.654.321-00,70.0,95.3,120.0,75.0,36.5,15.309706237723946,NORMAL
20:32:57.45,PAC002,Maria Santos,987.654.321-00,74.0,97.1,125.0,84.0,36.6,15.87992491662287,NORMAL
20:32:57.65,PAC002,Maria Santos,987.654.321-00,70.0,97.1,118.0,75.0,36.7,15.556223457415463,NORMAL
20:32:57.85,PAC002,Maria Santos,987.654.321-00,68.0,100.0,128.0,71.0,36.4,16.221772765656837,NORMAL
20:32:58.05,PAC002,Maria Santos,987.654.321-00,77.0,96.3,133.0,85.0,36.3,15.444972762279534,NORMAL
20:32:58.25,PAC002,Maria Santos,987.654.321-00,69.0,97.7,125.0,81.0,36.8,14.503807870756706,NORMAL
20:32:58.45,PAC002,Maria Santos,987.654.321-00,66.0,98.0,127.0,79.0,36.4,16.24950419932787,NORMAL
20:32:58.65,PAC002,Maria Santos,987.654.321-00,77.0,98.6,122.0,75.0,36.4,19.27347992366128,NORMAL
20:32:58.85,PAC002,Maria Santos,987.654.321-00,71.0,98.0,121.0,83.0,37.1,16.901226098862775,NORMAL
20:32:59.05,PAC002,Maria Santos,987.654.321-00,72.0,98.1,106.0,82.0,36.5,16.85668410132145,NORMAL
20:32:59.25,PAC002,Maria Santos,987.654.321-00,70.0,97.4,122.0,83.0,36.4,20.165320644219594,NORMAL
20:32:59.45,PAC002,Maria Santos,987.654.321-00,73.0,96.1,124.0,75.0,35.8,19.19894188022758,NORMAL
20:32:59.65,PAC002,Maria Santos,987.654.321-00,74.0,98.8,126.0,71.0,36.4,17.683561549568026,NORMAL
20:32:59.85,PAC002,Maria Santos,987.654.321-00,69.0,94.2,123.0,77.0,36.5,17.457037287029074,NORMAL
20:33:00.05,PAC002,Maria Santos,987.654.321-00,74.0,98.4,135.0,70.0,36.7,17.253076726673886,NORMAL
20:33:00.25,PAC002,Maria Santos,987.654.321-00,68.0,95.7,119.0,75.0,36.7,14.77092243261781,NORMAL
20:33:00.45,PAC002,Maria Santos,987.654.321-00,69.0,97.1,134.0,78.0,36.4,15.779989002597897,NORMAL
20:33:00.65,PAC002,Maria Santos,987.654.321-00,76.0,96.9,136.0,79.0,36.5,21.001800995868564,NORMAL
20:33:00.85,PAC002,Maria Santos,987.654.321-00,69.0,97.5,115.0,83.0,37.0,19.339845562809277,NORMAL
20:33:01.05,PAC002,Maria Santos,987.654.321-00,76.0,97.7,122.0,70.0,37.1,16.937956156296934,NORMAL
20:33:01.25,PAC002,Maria Santos,987.654.321-00,71.0,100.0,117.0,80.0,36.4,17.2773542797606,NORMAL
20:33:01.45,PAC002,Maria Santos,987.654.321-00,72.0,95.8,126.0,83.0,36.5,17.550230243178174,NORMAL
20:33:01.65,PAC002,Maria Santos,987.654.321-00,69.0,98.0,120.0,82.0,36.5,17.380147352673227,NORMAL
20:33:01.85,PAC002,Maria Santos,987.654.321-00,75.0,99.0,127.0,73.0,36.5,14.933819195968333,NORMAL
20:33:02.05,PAC002,Maria Santos,987.654.321-00,71.0,97.4,117.0,68.0,36.3,16.386758903848317,NORMAL
20:33:02.25,PAC002,Maria Santos,987.654.321-00,68.0,98.0,140.0,83.0,37.0,16.782255753865453,NORMAL
20:33:02.45,PAC002,Maria Santos,987.654.321-00,76.0,96.9,120.0,64.0,36.9,19.080647959639773,NORMAL
20:33:02.65,PAC002,Maria Santos,987.654.321-00,70.0,97.6,119.0,80.0,36.8,12.514456052237918,NORMAL
